"","x","y","region","id","hemisphere","region_hemisphere"
"1",712.6667,62.8333,"watershed_post",1,"left","watershed_post_left"
"2",714,68.5,"watershed_post",2,"left","watershed_post_left"
"3",714,74.1667,"watershed_post",3,"left","watershed_post_left"
"4",711.3333,75.3333,"watershed_post",4,"left","watershed_post_left"
"5",710.8333,78.5,"watershed_post",5,"left","watershed_post_left"
"6",712,80.5,"watershed_post",6,"left","watershed_post_left"
"7",711.8333,84.6667,"watershed_post",7,"left","watershed_post_left"
"8",711.5,86.3333,"watershed_post",8,"left","watershed_post_left"
"9",713.3333,90.6667,"watershed_post",9,"left","watershed_post_left"
"10",713.3333,92.3333,"watershed_post",10,"left","watershed_post_left"
"11",710.1667,94.1667,"watershed_post",11,"left","watershed_post_left"
"12",704.6667,96.3333,"watershed_post",12,"left","watershed_post_left"
"13",699.6667,96.5,"watershed_post",13,"left","watershed_post_left"
"14",692.8333,94.8333,"watershed_post",14,"left","watershed_post_left"
"15",688.6667,93.3333,"watershed_post",15,"left","watershed_post_left"
"16",683,90.1667,"watershed_post",16,"left","watershed_post_left"
"17",679.5,89.1667,"watershed_post",17,"left","watershed_post_left"
"18",684,91.6667,"watershed_post",18,"left","watershed_post_left"
"19",688.5,94.1667,"watershed_post",19,"left","watershed_post_left"
"20",689.5,96,"watershed_post",20,"left","watershed_post_left"
"21",688.5,96.3333,"watershed_post",21,"left","watershed_post_left"
"22",686.1667,96.6667,"watershed_post",22,"left","watershed_post_left"
"23",682.5,96.8333,"watershed_post",23,"left","watershed_post_left"
"24",676.6667,99,"watershed_post",24,"left","watershed_post_left"
"25",668.6667,101.3333,"watershed_post",25,"left","watershed_post_left"
"26",655,101.8333,"watershed_post",26,"left","watershed_post_left"
"27",646.8333,102.5,"watershed_post",27,"left","watershed_post_left"
"28",638,104.6667,"watershed_post",28,"left","watershed_post_left"
"29",632.6667,105.3333,"watershed_post",29,"left","watershed_post_left"
"30",623.1667,112,"watershed_post",30,"left","watershed_post_left"
"31",618.6667,114.6667,"watershed_post",31,"left","watershed_post_left"
"32",609.6667,123.8333,"watershed_post",32,"left","watershed_post_left"
"33",609,119.6667,"watershed_post",33,"left","watershed_post_left"
"34",607,117.6667,"watershed_post",34,"left","watershed_post_left"
"35",604.3333,116,"watershed_post",35,"left","watershed_post_left"
"36",605.8333,114.3333,"watershed_post",36,"left","watershed_post_left"
"37",612.8333,110.6667,"watershed_post",37,"left","watershed_post_left"
"38",625.3333,104.6667,"watershed_post",38,"left","watershed_post_left"
"39",633,100.8333,"watershed_post",39,"left","watershed_post_left"
"40",640.3333,96.3333,"watershed_post",40,"left","watershed_post_left"
"41",650.6667,93.1667,"watershed_post",41,"left","watershed_post_left"
"42",659.8333,89.5,"watershed_post",42,"left","watershed_post_left"
"43",673.8333,83.3333,"watershed_post",43,"left","watershed_post_left"
"44",684.5,78.3333,"watershed_post",44,"left","watershed_post_left"
"45",690.5,73.6667,"watershed_post",45,"left","watershed_post_left"
"46",697.6667,67.8333,"watershed_post",46,"left","watershed_post_left"
"47",699.6667,66.1667,"watershed_post",47,"left","watershed_post_left"
"48",708.8333,64.3333,"watershed_post",48,"left","watershed_post_left"
"49",504,229.5,"subcortical",1,"left","subcortical_left"
"50",510.5,231,"subcortical",2,"left","subcortical_left"
"51",518.5,233.5,"subcortical",3,"left","subcortical_left"
"52",524,235.75,"subcortical",4,"left","subcortical_left"
"53",526.5,238.25,"subcortical",5,"left","subcortical_left"
"54",526.5,241.25,"subcortical",6,"left","subcortical_left"
"55",532,246.75,"subcortical",7,"left","subcortical_left"
"56",536.5,251,"subcortical",8,"left","subcortical_left"
"57",540.75,258,"subcortical",9,"left","subcortical_left"
"58",543,262.75,"subcortical",10,"left","subcortical_left"
"59",544.5,268,"subcortical",11,"left","subcortical_left"
"60",544.1667,274,"subcortical",12,"left","subcortical_left"
"61",546.5,282,"subcortical",13,"left","subcortical_left"
"62",549,288.5,"subcortical",14,"left","subcortical_left"
"63",555.75,288.75,"subcortical",15,"left","subcortical_left"
"64",560.75,290.25,"subcortical",16,"left","subcortical_left"
"65",567.5,289.75,"subcortical",17,"left","subcortical_left"
"66",573.3333,287.3333,"subcortical",18,"left","subcortical_left"
"67",575.75,284.5,"subcortical",19,"left","subcortical_left"
"68",579.25,280.5,"subcortical",20,"left","subcortical_left"
"69",583.5,277.5,"subcortical",21,"left","subcortical_left"
"70",587.25,274.25,"subcortical",22,"left","subcortical_left"
"71",594.5,272.25,"subcortical",23,"left","subcortical_left"
"72",605.25,270.5,"subcortical",24,"left","subcortical_left"
"73",613.5,269,"subcortical",25,"left","subcortical_left"
"74",620.75,267,"subcortical",26,"left","subcortical_left"
"75",623,266.5,"subcortical",27,"left","subcortical_left"
"76",632.5,261,"subcortical",28,"left","subcortical_left"
"77",633.75,254,"subcortical",29,"left","subcortical_left"
"78",635,247,"subcortical",30,"left","subcortical_left"
"79",633.25,242,"subcortical",31,"left","subcortical_left"
"80",630.5,237.75,"subcortical",32,"left","subcortical_left"
"81",625.75,233,"subcortical",33,"left","subcortical_left"
"82",619,228.5,"subcortical",34,"left","subcortical_left"
"83",612,225.5,"subcortical",35,"left","subcortical_left"
"84",609.75,224.75,"subcortical",36,"left","subcortical_left"
"85",603,218,"subcortical",37,"left","subcortical_left"
"86",601,208.5,"subcortical",38,"left","subcortical_left"
"87",604,198.75,"subcortical",39,"left","subcortical_left"
"88",606.5,190.75,"subcortical",40,"left","subcortical_left"
"89",607.25,186,"subcortical",41,"left","subcortical_left"
"90",608.25,177.5,"subcortical",42,"left","subcortical_left"
"91",607.75,169.75,"subcortical",43,"left","subcortical_left"
"92",607,165.75,"subcortical",44,"left","subcortical_left"
"93",609.75,151.75,"subcortical",45,"left","subcortical_left"
"94",611.25,140,"subcortical",46,"left","subcortical_left"
"95",611.25,139,"subcortical",47,"left","subcortical_left"
"96",610.25,130,"subcortical",48,"left","subcortical_left"
"97",609.25,124,"subcortical",49,"left","subcortical_left"
"98",609.25,121.5,"subcortical",50,"left","subcortical_left"
"99",608.25,119,"subcortical",51,"left","subcortical_left"
"100",604.6667,116.1667,"subcortical",52,"left","subcortical_left"
"101",601.8333,118.6667,"subcortical",53,"left","subcortical_left"
"102",596.3333,121.6667,"subcortical",54,"left","subcortical_left"
"103",586.75,122.5,"subcortical",55,"left","subcortical_left"
"104",584.75,123.75,"subcortical",56,"left","subcortical_left"
"105",584.25,126.5,"subcortical",57,"left","subcortical_left"
"106",587.75,131.5,"subcortical",58,"left","subcortical_left"
"107",593,131.25,"subcortical",59,"left","subcortical_left"
"108",596,131.25,"subcortical",60,"left","subcortical_left"
"109",599,132.75,"subcortical",61,"left","subcortical_left"
"110",601.25,138,"subcortical",62,"left","subcortical_left"
"111",601.75,144.75,"subcortical",63,"left","subcortical_left"
"112",601.5,156.5,"subcortical",64,"left","subcortical_left"
"113",601.25,164.25,"subcortical",65,"left","subcortical_left"
"114",598.75,171.25,"subcortical",66,"left","subcortical_left"
"115",598.25,179.75,"subcortical",67,"left","subcortical_left"
"116",592.6667,192.3333,"subcortical",68,"left","subcortical_left"
"117",586,202.25,"subcortical",69,"left","subcortical_left"
"118",573.25,213.75,"subcortical",70,"left","subcortical_left"
"119",566,219.5,"subcortical",71,"left","subcortical_left"
"120",558.5,224.5,"subcortical",72,"left","subcortical_left"
"121",556,225.5,"subcortical",73,"left","subcortical_left"
"122",551,225.75,"subcortical",74,"left","subcortical_left"
"123",554.25,228.5,"subcortical",75,"left","subcortical_left"
"124",555,233,"subcortical",76,"left","subcortical_left"
"125",553.5,234,"subcortical",77,"left","subcortical_left"
"126",548.75,234.25,"subcortical",78,"left","subcortical_left"
"127",546.5,234.25,"subcortical",79,"left","subcortical_left"
"128",543.25,230.5,"subcortical",80,"left","subcortical_left"
"129",536.75,226,"subcortical",81,"left","subcortical_left"
"130",531,222.25,"subcortical",82,"left","subcortical_left"
"131",526,219.5,"subcortical",83,"left","subcortical_left"
"132",519.75,218,"subcortical",84,"left","subcortical_left"
"133",512.5,216.25,"subcortical",85,"left","subcortical_left"
"134",506.5,214,"subcortical",86,"left","subcortical_left"
"135",498.5,212,"subcortical",87,"left","subcortical_left"
"136",498.5,228.75,"subcortical",88,"left","subcortical_left"
"137",542.75,216.75,"basalganglia",1,"left","basalganglia_left"
"138",550.5,225,"basalganglia",2,"left","basalganglia_left"
"139",556,225.5,"basalganglia",3,"left","basalganglia_left"
"140",561,223,"basalganglia",4,"left","basalganglia_left"
"141",568.5,217.75,"basalganglia",5,"left","basalganglia_left"
"142",574.25,212.75,"basalganglia",6,"left","basalganglia_left"
"143",580.25,207.25,"basalganglia",7,"left","basalganglia_left"
"144",585.75,202.25,"basalganglia",8,"left","basalganglia_left"
"145",589.25,197.75,"basalganglia",9,"left","basalganglia_left"
"146",593,192.25,"basalganglia",10,"left","basalganglia_left"
"147",596,185.75,"basalganglia",11,"left","basalganglia_left"
"148",598.25,178.75,"basalganglia",12,"left","basalganglia_left"
"149",598.625,171,"basalganglia",13,"left","basalganglia_left"
"150",601.25,163.5,"basalganglia",14,"left","basalganglia_left"
"151",601.5,154.25,"basalganglia",15,"left","basalganglia_left"
"152",602,147.5,"basalganglia",16,"left","basalganglia_left"
"153",601.75,140.5,"basalganglia",17,"left","basalganglia_left"
"154",599.25,133,"basalganglia",18,"left","basalganglia_left"
"155",595.75,131,"basalganglia",19,"left","basalganglia_left"
"156",587.5,131.25,"basalganglia",20,"left","basalganglia_left"
"157",584.5,127,"basalganglia",21,"left","basalganglia_left"
"158",581,122.75,"basalganglia",22,"left","basalganglia_left"
"159",575.75,119.75,"basalganglia",23,"left","basalganglia_left"
"160",569.75,115.75,"basalganglia",24,"left","basalganglia_left"
"161",565.25,113.5,"basalganglia",25,"left","basalganglia_left"
"162",565.875,120.375,"basalganglia",26,"left","basalganglia_left"
"163",564.5,128,"basalganglia",27,"left","basalganglia_left"
"164",561,136.75,"basalganglia",28,"left","basalganglia_left"
"165",555.1667,144,"basalganglia",29,"left","basalganglia_left"
"166",546.8333,145.3333,"basalganglia",30,"left","basalganglia_left"
"167",536.25,146.3333,"basalganglia",31,"left","basalganglia_left"
"168",538.9167,148.9167,"basalganglia",32,"left","basalganglia_left"
"169",549.1667,155.3333,"basalganglia",33,"left","basalganglia_left"
"170",550.8333,160,"basalganglia",34,"left","basalganglia_left"
"171",552.8333,163.6667,"basalganglia",35,"left","basalganglia_left"
"172",554.5,167.25,"basalganglia",36,"left","basalganglia_left"
"173",553.8333,174.8333,"basalganglia",37,"left","basalganglia_left"
"174",553,184.8333,"basalganglia",38,"left","basalganglia_left"
"175",550.5,194.1667,"basalganglia",39,"left","basalganglia_left"
"176",547.5,200,"basalganglia",40,"left","basalganglia_left"
"177",543.5,202.75,"basalganglia",41,"left","basalganglia_left"
"178",535,207.75,"basalganglia",42,"left","basalganglia_left"
"179",536.25,211,"basalganglia",43,"left","basalganglia_left"
"180",540,213.5,"basalganglia",44,"left","basalganglia_left"
"181",505.75,152,"thalamus",1,"left","thalamus_left"
"182",502.25,160.5,"thalamus",2,"left","thalamus_left"
"183",502.25,170.5,"thalamus",3,"left","thalamus_left"
"184",505.25,183.25,"thalamus",4,"left","thalamus_left"
"185",508.75,190.25,"thalamus",5,"left","thalamus_left"
"186",514.5,198,"thalamus",6,"left","thalamus_left"
"187",518.75,203.25,"thalamus",7,"left","thalamus_left"
"188",527,208.25,"thalamus",8,"left","thalamus_left"
"189",534.5,208.25,"thalamus",9,"left","thalamus_left"
"190",543.75,202.75,"thalamus",10,"left","thalamus_left"
"191",547.3333,199.9167,"thalamus",11,"left","thalamus_left"
"192",551.25,192.75,"thalamus",12,"left","thalamus_left"
"193",553,184.9167,"thalamus",13,"left","thalamus_left"
"194",553.9167,175.6667,"thalamus",14,"left","thalamus_left"
"195",554.1667,170.8333,"thalamus",15,"left","thalamus_left"
"196",554.25,166.5833,"thalamus",16,"left","thalamus_left"
"197",552.8333,164,"thalamus",17,"left","thalamus_left"
"198",551.8333,161.6667,"thalamus",18,"left","thalamus_left"
"199",550.1667,158.3333,"thalamus",19,"left","thalamus_left"
"200",549.25,155.4167,"thalamus",20,"left","thalamus_left"
"201",542.25,151,"thalamus",21,"left","thalamus_left"
"202",538.1667,148.3333,"thalamus",22,"left","thalamus_left"
"203",536.1667,146.6667,"thalamus",23,"left","thalamus_left"
"204",530.5,145.6667,"thalamus",24,"left","thalamus_left"
"205",527.5,145.75,"thalamus",25,"left","thalamus_left"
"206",521.75,145,"thalamus",26,"left","thalamus_left"
"207",515.5,144,"thalamus",27,"left","thalamus_left"
"208",509.8333,143.5,"thalamus",28,"left","thalamus_left"
"209",508.8333,145.6667,"thalamus",29,"left","thalamus_left"
"210",508.3333,146.5,"thalamus",30,"left","thalamus_left"
"211",508,148.1667,"thalamus",31,"left","thalamus_left"
"212",507.25,149.5,"thalamus",32,"left","thalamus_left"
"213",509.3333,143,"brainstem",1,"left","brainstem_left"
"214",518.8333,144.1667,"brainstem",2,"left","brainstem_left"
"215",535.1667,146.3333,"brainstem",3,"left","brainstem_left"
"216",542.5,145.5,"brainstem",4,"left","brainstem_left"
"217",554,144.5,"brainstem",5,"left","brainstem_left"
"218",558.5,140.5,"brainstem",6,"left","brainstem_left"
"219",562,134,"brainstem",7,"left","brainstem_left"
"220",564.5,127,"brainstem",8,"left","brainstem_left"
"221",566,119,"brainstem",9,"left","brainstem_left"
"222",565,112,"brainstem",10,"left","brainstem_left"
"223",560.5,109.25,"brainstem",11,"left","brainstem_left"
"224",558,105.5,"brainstem",12,"left","brainstem_left"
"225",554.5,99.25,"brainstem",13,"left","brainstem_left"
"226",552.25,94.5,"brainstem",14,"left","brainstem_left"
"227",546.5,90.5,"brainstem",15,"left","brainstem_left"
"228",543,87,"brainstem",16,"left","brainstem_left"
"229",543.75,81.5,"brainstem",17,"left","brainstem_left"
"230",545,78.25,"brainstem",18,"left","brainstem_left"
"231",547.25,71.75,"brainstem",19,"left","brainstem_left"
"232",547.75,66.5,"brainstem",20,"left","brainstem_left"
"233",547.5,59,"brainstem",21,"left","brainstem_left"
"234",546.5,49,"brainstem",22,"left","brainstem_left"
"235",545.25,46.5,"brainstem",23,"left","brainstem_left"
"236",544.75,42,"brainstem",24,"left","brainstem_left"
"237",545,37.75,"brainstem",25,"left","brainstem_left"
"238",544,34.25,"brainstem",26,"left","brainstem_left"
"239",537.75,28.75,"brainstem",27,"left","brainstem_left"
"240",534.25,25.75,"brainstem",28,"left","brainstem_left"
"241",531.25,20.25,"brainstem",29,"left","brainstem_left"
"242",527.25,15,"brainstem",30,"left","brainstem_left"
"243",522,10,"brainstem",31,"left","brainstem_left"
"244",520,6.75,"brainstem",32,"left","brainstem_left"
"245",513.25,4.75,"brainstem",33,"left","brainstem_left"
"246",504.5,0,"brainstem",34,"left","brainstem_left"
"247",501.25,1.5,"brainstem",35,"left","brainstem_left"
"248",498.5,4.75,"brainstem",36,"left","brainstem_left"
"249",498.25,6,"brainstem",37,"left","brainstem_left"
"250",498.25,87.5,"brainstem",38,"left","brainstem_left"
"251",502.25,88.75,"brainstem",39,"left","brainstem_left"
"252",507.5,91,"brainstem",40,"left","brainstem_left"
"253",506.25,94.75,"brainstem",41,"left","brainstem_left"
"254",505,99.25,"brainstem",42,"left","brainstem_left"
"255",502.25,106.75,"brainstem",43,"left","brainstem_left"
"256",498.25,110.75,"brainstem",44,"left","brainstem_left"
"257",498.5,135.25,"brainstem",45,"left","brainstem_left"
"258",502.75,135.5,"brainstem",46,"left","brainstem_left"
"259",675.75,42.5,"pca",1,"left","pca_left"
"260",668.75,46.25,"pca",2,"left","pca_left"
"261",663.5,51.75,"pca",3,"left","pca_left"
"262",661.25,61,"pca",4,"left","pca_left"
"263",661,51.5,"pca",5,"left","pca_left"
"264",653.25,45.75,"pca",6,"left","pca_left"
"265",646.25,44,"pca",7,"left","pca_left"
"266",637.5,47.25,"pca",8,"left","pca_left"
"267",632.75,51.5,"pca",9,"left","pca_left"
"268",632,58.25,"pca",10,"left","pca_left"
"269",631.75,49.5,"pca",11,"left","pca_left"
"270",630.25,44.75,"pca",12,"left","pca_left"
"271",626.25,42.5,"pca",13,"left","pca_left"
"272",615.75,42.75,"pca",14,"left","pca_left"
"273",610,45,"pca",15,"left","pca_left"
"274",604.25,47.75,"pca",16,"left","pca_left"
"275",599.25,54.25,"pca",17,"left","pca_left"
"276",601,61.25,"pca",18,"left","pca_left"
"277",604.5,69.25,"pca",19,"left","pca_left"
"278",597.75,55.25,"pca",20,"left","pca_left"
"279",591.25,57.25,"pca",21,"left","pca_left"
"280",580.75,58.25,"pca",22,"left","pca_left"
"281",574.5,63.75,"pca",23,"left","pca_left"
"282",571,68.75,"pca",24,"left","pca_left"
"283",566.75,77.75,"pca",25,"left","pca_left"
"284",567.5,83.5,"pca",26,"left","pca_left"
"285",570,87,"pca",27,"left","pca_left"
"286",570,89.75,"pca",28,"left","pca_left"
"287",566.25,90.5,"pca",29,"left","pca_left"
"288",562.5,90.5,"pca",30,"left","pca_left"
"289",562,95.25,"pca",31,"left","pca_left"
"290",561,97.5,"pca",32,"left","pca_left"
"291",559,102,"pca",33,"left","pca_left"
"292",562.25,107,"pca",34,"left","pca_left"
"293",568.75,108.5,"pca",35,"left","pca_left"
"294",575.25,111.5,"pca",36,"left","pca_left"
"295",582.25,115.5,"pca",37,"left","pca_left"
"296",595.75,116,"pca",38,"left","pca_left"
"297",610.75,109.25,"pca",39,"left","pca_left"
"298",612.5,110.75,"pca",40,"left","pca_left"
"299",623.5,105.5,"pca",41,"left","pca_left"
"300",632.5,100.75,"pca",42,"left","pca_left"
"301",640,96.5,"pca",43,"left","pca_left"
"302",651.5,93,"pca",44,"left","pca_left"
"303",662.75,88.5,"pca",45,"left","pca_left"
"304",680.25,80.25,"pca",46,"left","pca_left"
"305",685.5,77.25,"pca",47,"left","pca_left"
"306",693.75,71,"pca",48,"left","pca_left"
"307",699.75,66.25,"pca",49,"left","pca_left"
"308",710,64,"pca",50,"left","pca_left"
"309",713,62.75,"pca",51,"left","pca_left"
"310",711.25,54,"pca",52,"left","pca_left"
"311",707.25,47.75,"pca",53,"left","pca_left"
"312",700.25,41.75,"pca",54,"left","pca_left"
"313",687,41.5,"pca",55,"left","pca_left"
"314",679.5,41.75,"pca",56,"left","pca_left"
"315",597.75,351,"mca",1,"left","mca_left"
"316",602.75,354,"mca",2,"left","mca_left"
"317",616,351.5,"mca",3,"left","mca_left"
"318",628.25,344.5,"mca",4,"left","mca_left"
"319",638,336.75,"mca",5,"left","mca_left"
"320",641,331.75,"mca",6,"left","mca_left"
"321",641.75,322.25,"mca",7,"left","mca_left"
"322",641.25,312.5,"mca",8,"left","mca_left"
"323",639,309,"mca",9,"left","mca_left"
"324",639.25,305.25,"mca",10,"left","mca_left"
"325",641.5,300,"mca",11,"left","mca_left"
"326",641.25,294.25,"mca",12,"left","mca_left"
"327",637.25,289,"mca",13,"left","mca_left"
"328",630.75,286.75,"mca",14,"left","mca_left"
"329",622,286.75,"mca",15,"left","mca_left"
"330",618,288.25,"mca",16,"left","mca_left"
"331",611.75,288.75,"mca",17,"left","mca_left"
"332",604.75,287.75,"mca",18,"left","mca_left"
"333",600,284.5,"mca",19,"left","mca_left"
"334",602,284.25,"mca",20,"left","mca_left"
"335",610,283.75,"mca",21,"left","mca_left"
"336",617.75,284,"mca",22,"left","mca_left"
"337",623.5,284,"mca",23,"left","mca_left"
"338",630.5,283.25,"mca",24,"left","mca_left"
"339",635.75,284,"mca",25,"left","mca_left"
"340",639.25,287,"mca",26,"left","mca_left"
"341",643.25,290,"mca",27,"left","mca_left"
"342",645.25,293.5,"mca",28,"left","mca_left"
"343",646.25,300.5,"mca",29,"left","mca_left"
"344",646.25,308.5,"mca",30,"left","mca_left"
"345",647.5,312.75,"mca",31,"left","mca_left"
"346",648.75,315.5,"mca",32,"left","mca_left"
"347",652.25,319,"mca",33,"left","mca_left"
"348",656.25,321.5,"mca",34,"left","mca_left"
"349",659,322,"mca",35,"left","mca_left"
"350",664.5,319.5,"mca",36,"left","mca_left"
"351",668.5,314.25,"mca",37,"left","mca_left"
"352",672,309.5,"mca",38,"left","mca_left"
"353",676.75,303,"mca",39,"left","mca_left"
"354",680,299,"mca",40,"left","mca_left"
"355",682.5,294.75,"mca",41,"left","mca_left"
"356",682.5,291.5,"mca",42,"left","mca_left"
"357",681.5,286,"mca",43,"left","mca_left"
"358",679.25,279.25,"mca",44,"left","mca_left"
"359",677.5,271,"mca",45,"left","mca_left"
"360",677,265,"mca",46,"left","mca_left"
"361",678.5,261.5,"mca",47,"left","mca_left"
"362",681.75,258,"mca",48,"left","mca_left"
"363",682,257,"mca",49,"left","mca_left"
"364",685.25,253,"mca",50,"left","mca_left"
"365",686,246.5,"mca",51,"left","mca_left"
"366",681.75,240.75,"mca",52,"left","mca_left"
"367",674.75,240.25,"mca",53,"left","mca_left"
"368",669.25,237.75,"mca",54,"left","mca_left"
"369",662.25,233.75,"mca",55,"left","mca_left"
"370",662,232.5,"mca",56,"left","mca_left"
"371",664.25,232.5,"mca",57,"left","mca_left"
"372",671.75,233.75,"mca",58,"left","mca_left"
"373",674.75,236.25,"mca",59,"left","mca_left"
"374",680,237.25,"mca",60,"left","mca_left"
"375",685.25,237.25,"mca",61,"left","mca_left"
"376",687.25,236.5,"mca",62,"left","mca_left"
"377",690.5,237.25,"mca",63,"left","mca_left"
"378",691.25,240.25,"mca",64,"left","mca_left"
"379",691.75,245,"mca",65,"left","mca_left"
"380",691.75,249,"mca",66,"left","mca_left"
"381",688,255,"mca",67,"left","mca_left"
"382",685,260.25,"mca",68,"left","mca_left"
"383",681.5,267,"mca",69,"left","mca_left"
"384",681.5,273,"mca",70,"left","mca_left"
"385",683.5,276,"mca",71,"left","mca_left"
"386",689,278.25,"mca",72,"left","mca_left"
"387",695.75,278,"mca",73,"left","mca_left"
"388",701.25,273.75,"mca",74,"left","mca_left"
"389",704.5,268,"mca",75,"left","mca_left"
"390",708.25,261.75,"mca",76,"left","mca_left"
"391",712.25,253.5,"mca",77,"left","mca_left"
"392",714,246.75,"mca",78,"left","mca_left"
"393",715.75,239.75,"mca",79,"left","mca_left"
"394",718,233.25,"mca",80,"left","mca_left"
"395",718.5,222.25,"mca",81,"left","mca_left"
"396",719.25,215.25,"mca",82,"left","mca_left"
"397",719.75,207,"mca",83,"left","mca_left"
"398",719.5,199.25,"mca",84,"left","mca_left"
"399",716.75,195.75,"mca",85,"left","mca_left"
"400",715.5,190.75,"mca",86,"left","mca_left"
"401",712,184.75,"mca",87,"left","mca_left"
"402",709,180.25,"mca",88,"left","mca_left"
"403",704.25,179.5,"mca",89,"left","mca_left"
"404",697.5,179.25,"mca",90,"left","mca_left"
"405",693.75,178.25,"mca",91,"left","mca_left"
"406",689.75,176.5,"mca",92,"left","mca_left"
"407",685,175,"mca",93,"left","mca_left"
"408",679.75,175,"mca",94,"left","mca_left"
"409",672.75,175,"mca",95,"left","mca_left"
"410",664.75,174.25,"mca",96,"left","mca_left"
"411",658.25,175,"mca",97,"left","mca_left"
"412",653.5,178,"mca",98,"left","mca_left"
"413",647.25,180.5,"mca",99,"left","mca_left"
"414",645,186.75,"mca",100,"left","mca_left"
"415",645,193.75,"mca",101,"left","mca_left"
"416",644.75,199,"mca",102,"left","mca_left"
"417",641.25,203.25,"mca",103,"left","mca_left"
"418",634.5,207.75,"mca",104,"left","mca_left"
"419",626.75,210,"mca",105,"left","mca_left"
"420",622.25,209.75,"mca",106,"left","mca_left"
"421",618,208,"mca",107,"left","mca_left"
"422",616.25,206.25,"mca",108,"left","mca_left"
"423",617.25,202.75,"mca",109,"left","mca_left"
"424",623,199.5,"mca",110,"left","mca_left"
"425",630.5,199.5,"mca",111,"left","mca_left"
"426",636.5,197.5,"mca",112,"left","mca_left"
"427",639.75,194,"mca",113,"left","mca_left"
"428",641.5,189,"mca",114,"left","mca_left"
"429",641.25,185.25,"mca",115,"left","mca_left"
"430",639,176.5,"mca",116,"left","mca_left"
"431",636,174.75,"mca",117,"left","mca_left"
"432",629.25,173.75,"mca",118,"left","mca_left"
"433",627.25,171.5,"mca",119,"left","mca_left"
"434",629.5,168,"mca",120,"left","mca_left"
"435",631.25,166,"mca",121,"left","mca_left"
"436",632.25,162,"mca",122,"left","mca_left"
"437",633,157.5,"mca",123,"left","mca_left"
"438",632.5,151.5,"mca",124,"left","mca_left"
"439",629.25,149.75,"mca",125,"left","mca_left"
"440",626.75,148,"mca",126,"left","mca_left"
"441",625,144,"mca",127,"left","mca_left"
"442",625,139.25,"mca",128,"left","mca_left"
"443",630.5,141.25,"mca",129,"left","mca_left"
"444",635.25,144.75,"mca",130,"left","mca_left"
"445",637.5,147.75,"mca",131,"left","mca_left"
"446",637.75,151.75,"mca",132,"left","mca_left"
"447",636.25,154.75,"mca",133,"left","mca_left"
"448",636,162.75,"mca",134,"left","mca_left"
"449",636.5,164.75,"mca",135,"left","mca_left"
"450",638.75,167.5,"mca",136,"left","mca_left"
"451",640,172.75,"mca",137,"left","mca_left"
"452",642.25,175.75,"mca",138,"left","mca_left"
"453",645,178,"mca",139,"left","mca_left"
"454",650.25,176.75,"mca",140,"left","mca_left"
"455",654.5,174.75,"mca",141,"left","mca_left"
"456",660.25,173,"mca",142,"left","mca_left"
"457",663.75,171.5,"mca",143,"left","mca_left"
"458",666,168,"mca",144,"left","mca_left"
"459",666,165,"mca",145,"left","mca_left"
"460",665.25,160.25,"mca",146,"left","mca_left"
"461",664,157,"mca",147,"left","mca_left"
"462",666,155.75,"mca",148,"left","mca_left"
"463",668,157,"mca",149,"left","mca_left"
"464",669,162.25,"mca",150,"left","mca_left"
"465",669.75,168.25,"mca",151,"left","mca_left"
"466",671.5,170.5,"mca",152,"left","mca_left"
"467",674.75,171.75,"mca",153,"left","mca_left"
"468",678.5,172.75,"mca",154,"left","mca_left"
"469",687,172.5,"mca",155,"left","mca_left"
"470",692.5,172.5,"mca",156,"left","mca_left"
"471",696,175,"mca",157,"left","mca_left"
"472",701.25,176.75,"mca",158,"left","mca_left"
"473",708.25,176.5,"mca",159,"left","mca_left"
"474",713.25,174.25,"mca",160,"left","mca_left"
"475",718,172,"mca",161,"left","mca_left"
"476",719.25,168.5,"mca",162,"left","mca_left"
"477",719,162.5,"mca",163,"left","mca_left"
"478",715.5,159,"mca",164,"left","mca_left"
"479",713.25,154.5,"mca",165,"left","mca_left"
"480",712.5,148,"mca",166,"left","mca_left"
"481",713.25,145.25,"mca",167,"left","mca_left"
"482",713.5,141.5,"mca",168,"left","mca_left"
"483",709,138,"mca",169,"left","mca_left"
"484",705,133,"mca",170,"left","mca_left"
"485",696.25,130.25,"mca",171,"left","mca_left"
"486",692,128.75,"mca",172,"left","mca_left"
"487",685.25,125.75,"mca",173,"left","mca_left"
"488",681.5,123,"mca",174,"left","mca_left"
"489",675.75,121.75,"mca",175,"left","mca_left"
"490",671,120.75,"mca",176,"left","mca_left"
"491",663.5,119.5,"mca",177,"left","mca_left"
"492",657.75,117.25,"mca",178,"left","mca_left"
"493",661.5,117.25,"mca",179,"left","mca_left"
"494",667.25,118.5,"mca",180,"left","mca_left"
"495",680,121.5,"mca",181,"left","mca_left"
"496",685.5,120.75,"mca",182,"left","mca_left"
"497",694,120.5,"mca",183,"left","mca_left"
"498",696,122,"mca",184,"left","mca_left"
"499",696.25,127.25,"mca",185,"left","mca_left"
"500",697.75,129.75,"mca",186,"left","mca_left"
"501",701,130.25,"mca",187,"left","mca_left"
"502",704.75,130.75,"mca",188,"left","mca_left"
"503",708,132.5,"mca",189,"left","mca_left"
"504",713.25,132.25,"mca",190,"left","mca_left"
"505",717,128.75,"mca",191,"left","mca_left"
"506",719.25,125.75,"mca",192,"left","mca_left"
"507",719.25,120.75,"mca",193,"left","mca_left"
"508",716.75,114.25,"mca",194,"left","mca_left"
"509",716,110.75,"mca",195,"left","mca_left"
"510",716.75,108.25,"mca",196,"left","mca_left"
"511",718.5,104.25,"mca",197,"left","mca_left"
"512",719.75,99.5,"mca",198,"left","mca_left"
"513",715.5,93,"mca",199,"left","mca_left"
"514",709.5,95.75,"mca",200,"left","mca_left"
"515",704.5,97.5,"mca",201,"left","mca_left"
"516",697.25,97.25,"mca",202,"left","mca_left"
"517",691.5,96.75,"mca",203,"left","mca_left"
"518",683.25,96.75,"mca",204,"left","mca_left"
"519",672.75,100.5,"mca",205,"left","mca_left"
"520",667.75,101.75,"mca",206,"left","mca_left"
"521",659,101.75,"mca",207,"left","mca_left"
"522",651.25,102.25,"mca",208,"left","mca_left"
"523",632.75,105.25,"mca",209,"left","mca_left"
"524",619.5,114.125,"mca",210,"left","mca_left"
"525",609.5,124,"mca",211,"left","mca_left"
"526",611.5,138.5,"mca",212,"left","mca_left"
"527",607.25,167.5,"mca",213,"left","mca_left"
"528",608.5,178,"mca",214,"left","mca_left"
"529",607,188.5,"mca",215,"left","mca_left"
"530",604.75,196.25,"mca",216,"left","mca_left"
"531",601,208.5,"mca",217,"left","mca_left"
"532",603,217.5,"mca",218,"left","mca_left"
"533",610.1667,224.3333,"mca",219,"left","mca_left"
"534",619.1667,228.6667,"mca",220,"left","mca_left"
"535",626.5,233.3333,"mca",221,"left","mca_left"
"536",631.8333,240,"mca",222,"left","mca_left"
"537",635.1667,246.3333,"mca",223,"left","mca_left"
"538",634.1667,252.3333,"mca",224,"left","mca_left"
"539",632.8333,261,"mca",225,"left","mca_left"
"540",626.1667,265,"mca",226,"left","mca_left"
"541",622.5,267,"mca",227,"left","mca_left"
"542",614.8333,268.3333,"mca",228,"left","mca_left"
"543",606.1667,270.6667,"mca",229,"left","mca_left"
"544",597.1667,272,"mca",230,"left","mca_left"
"545",588.1667,273.6667,"mca",231,"left","mca_left"
"546",584.1667,277,"mca",232,"left","mca_left"
"547",580.1667,279.6667,"mca",233,"left","mca_left"
"548",576.1667,283.6667,"mca",234,"left","mca_left"
"549",573.5,288,"mca",235,"left","mca_left"
"550",583.5,299.3333,"mca",236,"left","mca_left"
"551",588.5,307.25,"mca",237,"left","mca_left"
"552",592,314.25,"mca",238,"left","mca_left"
"553",594.25,326.25,"mca",239,"left","mca_left"
"554",596,335.75,"mca",240,"left","mca_left"
"555",597,345.75,"mca",241,"left","mca_left"
"556",597.75,351.25,"watershed_ant",1,"left","watershed_ant_left"
"557",594.8333,332,"watershed_ant",2,"left","watershed_ant_left"
"558",591.6667,313,"watershed_ant",3,"left","watershed_ant_left"
"559",581.5,296.6667,"watershed_ant",4,"left","watershed_ant_left"
"560",572.6667,287.3333,"watershed_ant",5,"left","watershed_ant_left"
"561",568,289.3333,"watershed_ant",6,"left","watershed_ant_left"
"562",567.8333,296.5,"watershed_ant",7,"left","watershed_ant_left"
"563",569.1667,301.1667,"watershed_ant",8,"left","watershed_ant_left"
"564",574.3333,304.5,"watershed_ant",9,"left","watershed_ant_left"
"565",577.5,311.1667,"watershed_ant",10,"left","watershed_ant_left"
"566",577.5,317.8333,"watershed_ant",11,"left","watershed_ant_left"
"567",574.25,320.25,"watershed_ant",12,"left","watershed_ant_left"
"568",575.25,335.75,"watershed_ant",13,"left","watershed_ant_left"
"569",575.5,346.75,"watershed_ant",14,"left","watershed_ant_left"
"570",576.25,361.75,"watershed_ant",15,"left","watershed_ant_left"
"571",579.75,360,"watershed_ant",16,"left","watershed_ant_left"
"572",582.5,356.75,"watershed_ant",17,"left","watershed_ant_left"
"573",583.25,345.25,"watershed_ant",18,"left","watershed_ant_left"
"574",592.25,347.25,"watershed_ant",19,"left","watershed_ant_left"
"575",502.75,352.25,"aca",1,"left","aca_left"
"576",504.5,360,"aca",2,"left","aca_left"
"577",509,366,"aca",3,"left","aca_left"
"578",518.6667,371,"aca",4,"left","aca_left"
"579",530.8333,371.6667,"aca",5,"left","aca_left"
"580",541.6667,366.8333,"aca",6,"left","aca_left"
"581",546,358,"aca",7,"left","aca_left"
"582",548.1667,351.1667,"aca",8,"left","aca_left"
"583",549.3333,338.8333,"aca",9,"left","aca_left"
"584",551.8333,341.5,"aca",10,"left","aca_left"
"585",554.5,348.5,"aca",11,"left","aca_left"
"586",556.1667,353.1667,"aca",12,"left","aca_left"
"587",560.1667,360.1667,"aca",13,"left","aca_left"
"588",565.8333,362.3333,"aca",14,"left","aca_left"
"589",572.3333,362.8333,"aca",15,"left","aca_left"
"590",575.8333,362.3333,"aca",16,"left","aca_left"
"591",575.8333,352.1667,"aca",17,"left","aca_left"
"592",575,342.8333,"aca",18,"left","aca_left"
"593",574.8333,335.6667,"aca",19,"left","aca_left"
"594",575.1667,330.3333,"aca",20,"left","aca_left"
"595",575.1667,327.1667,"aca",21,"left","aca_left"
"596",575,325.5,"aca",22,"left","aca_left"
"597",574.6667,323.6667,"aca",23,"left","aca_left"
"598",574.6667,323.3333,"aca",24,"left","aca_left"
"599",574.8333,322.1667,"aca",25,"left","aca_left"
"600",574.3333,320,"aca",26,"left","aca_left"
"601",577.1667,317.6667,"aca",27,"left","aca_left"
"602",577.3333,311.5,"aca",28,"left","aca_left"
"603",574.5,304.3333,"aca",29,"left","aca_left"
"604",569,301,"aca",30,"left","aca_left"
"605",567.3333,290,"aca",31,"left","aca_left"
"606",561,290.5,"aca",32,"left","aca_left"
"607",556,288.8333,"aca",33,"left","aca_left"
"608",549,288.3333,"aca",34,"left","aca_left"
"609",544,273.8333,"aca",35,"left","aca_left"
"610",544.3333,268,"aca",36,"left","aca_left"
"611",540.3333,257.8333,"aca",37,"left","aca_left"
"612",536.5,251.1667,"aca",38,"left","aca_left"
"613",526.8333,241.8333,"aca",39,"left","aca_left"
"614",522.5,240.75,"aca",40,"left","aca_left"
"615",512,238.5,"aca",41,"left","aca_left"
"616",504.6667,236.5,"aca",42,"left","aca_left"
"617",502.375,236.625,"aca",43,"left","aca_left"
"618",501,241.25,"aca",44,"left","aca_left"
"619",501.5,248.375,"aca",45,"left","aca_left"
"620",500.8333,253.8333,"aca",46,"left","aca_left"
"621",503.125,258.875,"aca",47,"left","aca_left"
"622",500.625,266,"aca",48,"left","aca_left"
"623",499.8333,282.3333,"aca",49,"left","aca_left"
"624",500.5,290.5,"aca",50,"left","aca_left"
"625",506,296.3333,"aca",51,"left","aca_left"
"626",511.5,298,"aca",52,"left","aca_left"
"627",519.5,295.3333,"aca",53,"left","aca_left"
"628",523.8333,293.1667,"aca",54,"left","aca_left"
"629",517.8333,300.1667,"aca",55,"left","aca_left"
"630",513.25,309.25,"aca",56,"left","aca_left"
"631",513.75,316.75,"aca",57,"left","aca_left"
"632",517.25,321.5,"aca",58,"left","aca_left"
"633",522.25,320.5,"aca",59,"left","aca_left"
"634",526.5,317.6667,"aca",60,"left","aca_left"
"635",527.5,324.8333,"aca",61,"left","aca_left"
"636",524.8333,333.6667,"aca",62,"left","aca_left"
"637",522.5,337.75,"aca",63,"left","aca_left"
"638",520.1667,331,"aca",64,"left","aca_left"
"639",515.5,326.25,"aca",65,"left","aca_left"
"640",508.75,324.75,"aca",66,"left","aca_left"
"641",503.25,326.25,"aca",67,"left","aca_left"
"642",502.5,336.5,"aca",68,"left","aca_left"
"643",505,341.5,"aca",69,"left","aca_left"
"644",502.75,345.75,"aca",70,"left","aca_left"
"645",282.8333,62.8333,"watershed_post",1,"right","watershed_post_right"
"646",281.5,68.5,"watershed_post",2,"right","watershed_post_right"
"647",281.5,74.1667,"watershed_post",3,"right","watershed_post_right"
"648",284.1667,75.3333,"watershed_post",4,"right","watershed_post_right"
"649",284.6667,78.5,"watershed_post",5,"right","watershed_post_right"
"650",283.5,80.5,"watershed_post",6,"right","watershed_post_right"
"651",283.6667,84.6667,"watershed_post",7,"right","watershed_post_right"
"652",284,86.3333,"watershed_post",8,"right","watershed_post_right"
"653",282.1667,90.6667,"watershed_post",9,"right","watershed_post_right"
"654",282.1667,92.3333,"watershed_post",10,"right","watershed_post_right"
"655",285.3333,94.1667,"watershed_post",11,"right","watershed_post_right"
"656",290.8333,96.3333,"watershed_post",12,"right","watershed_post_right"
"657",295.8333,96.5,"watershed_post",13,"right","watershed_post_right"
"658",302.6667,94.8333,"watershed_post",14,"right","watershed_post_right"
"659",306.8333,93.3333,"watershed_post",15,"right","watershed_post_right"
"660",312.5,90.1667,"watershed_post",16,"right","watershed_post_right"
"661",316,89.1667,"watershed_post",17,"right","watershed_post_right"
"662",311.5,91.6667,"watershed_post",18,"right","watershed_post_right"
"663",307,94.1667,"watershed_post",19,"right","watershed_post_right"
"664",306,96,"watershed_post",20,"right","watershed_post_right"
"665",307,96.3333,"watershed_post",21,"right","watershed_post_right"
"666",309.3333,96.6667,"watershed_post",22,"right","watershed_post_right"
"667",313,96.8333,"watershed_post",23,"right","watershed_post_right"
"668",318.8333,99,"watershed_post",24,"right","watershed_post_right"
"669",326.8333,101.3333,"watershed_post",25,"right","watershed_post_right"
"670",340.5,101.8333,"watershed_post",26,"right","watershed_post_right"
"671",348.6667,102.5,"watershed_post",27,"right","watershed_post_right"
"672",357.5,104.6667,"watershed_post",28,"right","watershed_post_right"
"673",362.8333,105.3333,"watershed_post",29,"right","watershed_post_right"
"674",372.3333,112,"watershed_post",30,"right","watershed_post_right"
"675",376.8333,114.6667,"watershed_post",31,"right","watershed_post_right"
"676",385.8333,123.8333,"watershed_post",32,"right","watershed_post_right"
"677",386.5,119.6667,"watershed_post",33,"right","watershed_post_right"
"678",388.5,117.6667,"watershed_post",34,"right","watershed_post_right"
"679",391.1667,116,"watershed_post",35,"right","watershed_post_right"
"680",389.6667,114.3333,"watershed_post",36,"right","watershed_post_right"
"681",382.6667,110.6667,"watershed_post",37,"right","watershed_post_right"
"682",370.1667,104.6667,"watershed_post",38,"right","watershed_post_right"
"683",362.5,100.8333,"watershed_post",39,"right","watershed_post_right"
"684",355.1667,96.3333,"watershed_post",40,"right","watershed_post_right"
"685",344.8333,93.1667,"watershed_post",41,"right","watershed_post_right"
"686",335.6667,89.5,"watershed_post",42,"right","watershed_post_right"
"687",321.6667,83.3333,"watershed_post",43,"right","watershed_post_right"
"688",311,78.3333,"watershed_post",44,"right","watershed_post_right"
"689",305,73.6667,"watershed_post",45,"right","watershed_post_right"
"690",297.8333,67.8333,"watershed_post",46,"right","watershed_post_right"
"691",295.8333,66.1667,"watershed_post",47,"right","watershed_post_right"
"692",286.6667,64.3333,"watershed_post",48,"right","watershed_post_right"
"693",491.5,229.5,"subcortical",1,"right","subcortical_right"
"694",485,231,"subcortical",2,"right","subcortical_right"
"695",477,233.5,"subcortical",3,"right","subcortical_right"
"696",471.5,235.75,"subcortical",4,"right","subcortical_right"
"697",469,238.25,"subcortical",5,"right","subcortical_right"
"698",469,241.25,"subcortical",6,"right","subcortical_right"
"699",463.5,246.75,"subcortical",7,"right","subcortical_right"
"700",459,251,"subcortical",8,"right","subcortical_right"
"701",454.75,258,"subcortical",9,"right","subcortical_right"
"702",452.5,262.75,"subcortical",10,"right","subcortical_right"
"703",451,268,"subcortical",11,"right","subcortical_right"
"704",451.3333,274,"subcortical",12,"right","subcortical_right"
"705",449,282,"subcortical",13,"right","subcortical_right"
"706",446.5,288.5,"subcortical",14,"right","subcortical_right"
"707",439.75,288.75,"subcortical",15,"right","subcortical_right"
"708",434.75,290.25,"subcortical",16,"right","subcortical_right"
"709",428,289.75,"subcortical",17,"right","subcortical_right"
"710",422.1667,287.3333,"subcortical",18,"right","subcortical_right"
"711",419.75,284.5,"subcortical",19,"right","subcortical_right"
"712",416.25,280.5,"subcortical",20,"right","subcortical_right"
"713",412,277.5,"subcortical",21,"right","subcortical_right"
"714",408.25,274.25,"subcortical",22,"right","subcortical_right"
"715",401,272.25,"subcortical",23,"right","subcortical_right"
"716",390.25,270.5,"subcortical",24,"right","subcortical_right"
"717",382,269,"subcortical",25,"right","subcortical_right"
"718",374.75,267,"subcortical",26,"right","subcortical_right"
"719",372.5,266.5,"subcortical",27,"right","subcortical_right"
"720",363,261,"subcortical",28,"right","subcortical_right"
"721",361.75,254,"subcortical",29,"right","subcortical_right"
"722",360.5,247,"subcortical",30,"right","subcortical_right"
"723",362.25,242,"subcortical",31,"right","subcortical_right"
"724",365,237.75,"subcortical",32,"right","subcortical_right"
"725",369.75,233,"subcortical",33,"right","subcortical_right"
"726",376.5,228.5,"subcortical",34,"right","subcortical_right"
"727",383.5,225.5,"subcortical",35,"right","subcortical_right"
"728",385.75,224.75,"subcortical",36,"right","subcortical_right"
"729",392.5,218,"subcortical",37,"right","subcortical_right"
"730",394.5,208.5,"subcortical",38,"right","subcortical_right"
"731",391.5,198.75,"subcortical",39,"right","subcortical_right"
"732",389,190.75,"subcortical",40,"right","subcortical_right"
"733",388.25,186,"subcortical",41,"right","subcortical_right"
"734",387.25,177.5,"subcortical",42,"right","subcortical_right"
"735",387.75,169.75,"subcortical",43,"right","subcortical_right"
"736",388.5,165.75,"subcortical",44,"right","subcortical_right"
"737",385.75,151.75,"subcortical",45,"right","subcortical_right"
"738",384.25,140,"subcortical",46,"right","subcortical_right"
"739",384.25,139,"subcortical",47,"right","subcortical_right"
"740",385.25,130,"subcortical",48,"right","subcortical_right"
"741",386.25,124,"subcortical",49,"right","subcortical_right"
"742",386.25,121.5,"subcortical",50,"right","subcortical_right"
"743",387.25,119,"subcortical",51,"right","subcortical_right"
"744",390.8333,116.1667,"subcortical",52,"right","subcortical_right"
"745",393.6667,118.6667,"subcortical",53,"right","subcortical_right"
"746",399.1667,121.6667,"subcortical",54,"right","subcortical_right"
"747",408.75,122.5,"subcortical",55,"right","subcortical_right"
"748",410.75,123.75,"subcortical",56,"right","subcortical_right"
"749",411.25,126.5,"subcortical",57,"right","subcortical_right"
"750",407.75,131.5,"subcortical",58,"right","subcortical_right"
"751",402.5,131.25,"subcortical",59,"right","subcortical_right"
"752",399.5,131.25,"subcortical",60,"right","subcortical_right"
"753",396.5,132.75,"subcortical",61,"right","subcortical_right"
"754",394.25,138,"subcortical",62,"right","subcortical_right"
"755",393.75,144.75,"subcortical",63,"right","subcortical_right"
"756",394,156.5,"subcortical",64,"right","subcortical_right"
"757",394.25,164.25,"subcortical",65,"right","subcortical_right"
"758",396.75,171.25,"subcortical",66,"right","subcortical_right"
"759",397.25,179.75,"subcortical",67,"right","subcortical_right"
"760",402.8333,192.3333,"subcortical",68,"right","subcortical_right"
"761",409.5,202.25,"subcortical",69,"right","subcortical_right"
"762",422.25,213.75,"subcortical",70,"right","subcortical_right"
"763",429.5,219.5,"subcortical",71,"right","subcortical_right"
"764",437,224.5,"subcortical",72,"right","subcortical_right"
"765",439.5,225.5,"subcortical",73,"right","subcortical_right"
"766",444.5,225.75,"subcortical",74,"right","subcortical_right"
"767",441.25,228.5,"subcortical",75,"right","subcortical_right"
"768",440.5,233,"subcortical",76,"right","subcortical_right"
"769",442,234,"subcortical",77,"right","subcortical_right"
"770",446.75,234.25,"subcortical",78,"right","subcortical_right"
"771",449,234.25,"subcortical",79,"right","subcortical_right"
"772",452.25,230.5,"subcortical",80,"right","subcortical_right"
"773",458.75,226,"subcortical",81,"right","subcortical_right"
"774",464.5,222.25,"subcortical",82,"right","subcortical_right"
"775",469.5,219.5,"subcortical",83,"right","subcortical_right"
"776",475.75,218,"subcortical",84,"right","subcortical_right"
"777",483,216.25,"subcortical",85,"right","subcortical_right"
"778",489,214,"subcortical",86,"right","subcortical_right"
"779",497,212,"subcortical",87,"right","subcortical_right"
"780",497,228.75,"subcortical",88,"right","subcortical_right"
"781",452.75,216.75,"basalganglia",1,"right","basalganglia_right"
"782",445,225,"basalganglia",2,"right","basalganglia_right"
"783",439.5,225.5,"basalganglia",3,"right","basalganglia_right"
"784",434.5,223,"basalganglia",4,"right","basalganglia_right"
"785",427,217.75,"basalganglia",5,"right","basalganglia_right"
"786",421.25,212.75,"basalganglia",6,"right","basalganglia_right"
"787",415.25,207.25,"basalganglia",7,"right","basalganglia_right"
"788",409.75,202.25,"basalganglia",8,"right","basalganglia_right"
"789",406.25,197.75,"basalganglia",9,"right","basalganglia_right"
"790",402.5,192.25,"basalganglia",10,"right","basalganglia_right"
"791",399.5,185.75,"basalganglia",11,"right","basalganglia_right"
"792",397.25,178.75,"basalganglia",12,"right","basalganglia_right"
"793",396.875,171,"basalganglia",13,"right","basalganglia_right"
"794",394.25,163.5,"basalganglia",14,"right","basalganglia_right"
"795",394,154.25,"basalganglia",15,"right","basalganglia_right"
"796",393.5,147.5,"basalganglia",16,"right","basalganglia_right"
"797",393.75,140.5,"basalganglia",17,"right","basalganglia_right"
"798",396.25,133,"basalganglia",18,"right","basalganglia_right"
"799",399.75,131,"basalganglia",19,"right","basalganglia_right"
"800",408,131.25,"basalganglia",20,"right","basalganglia_right"
"801",411,127,"basalganglia",21,"right","basalganglia_right"
"802",414.5,122.75,"basalganglia",22,"right","basalganglia_right"
"803",419.75,119.75,"basalganglia",23,"right","basalganglia_right"
"804",425.75,115.75,"basalganglia",24,"right","basalganglia_right"
"805",430.25,113.5,"basalganglia",25,"right","basalganglia_right"
"806",429.625,120.375,"basalganglia",26,"right","basalganglia_right"
"807",431,128,"basalganglia",27,"right","basalganglia_right"
"808",434.5,136.75,"basalganglia",28,"right","basalganglia_right"
"809",440.3333,144,"basalganglia",29,"right","basalganglia_right"
"810",448.6667,145.3333,"basalganglia",30,"right","basalganglia_right"
"811",459.25,146.3333,"basalganglia",31,"right","basalganglia_right"
"812",456.5833,148.9167,"basalganglia",32,"right","basalganglia_right"
"813",446.3333,155.3333,"basalganglia",33,"right","basalganglia_right"
"814",444.6667,160,"basalganglia",34,"right","basalganglia_right"
"815",442.6667,163.6667,"basalganglia",35,"right","basalganglia_right"
"816",441,167.25,"basalganglia",36,"right","basalganglia_right"
"817",441.6667,174.8333,"basalganglia",37,"right","basalganglia_right"
"818",442.5,184.8333,"basalganglia",38,"right","basalganglia_right"
"819",445,194.1667,"basalganglia",39,"right","basalganglia_right"
"820",448,200,"basalganglia",40,"right","basalganglia_right"
"821",452,202.75,"basalganglia",41,"right","basalganglia_right"
"822",460.5,207.75,"basalganglia",42,"right","basalganglia_right"
"823",459.25,211,"basalganglia",43,"right","basalganglia_right"
"824",455.5,213.5,"basalganglia",44,"right","basalganglia_right"
"825",489.75,152,"thalamus",1,"right","thalamus_right"
"826",493.25,160.5,"thalamus",2,"right","thalamus_right"
"827",493.25,170.5,"thalamus",3,"right","thalamus_right"
"828",490.25,183.25,"thalamus",4,"right","thalamus_right"
"829",486.75,190.25,"thalamus",5,"right","thalamus_right"
"830",481,198,"thalamus",6,"right","thalamus_right"
"831",476.75,203.25,"thalamus",7,"right","thalamus_right"
"832",468.5,208.25,"thalamus",8,"right","thalamus_right"
"833",461,208.25,"thalamus",9,"right","thalamus_right"
"834",451.75,202.75,"thalamus",10,"right","thalamus_right"
"835",448.1667,199.9167,"thalamus",11,"right","thalamus_right"
"836",444.25,192.75,"thalamus",12,"right","thalamus_right"
"837",442.5,184.9167,"thalamus",13,"right","thalamus_right"
"838",441.5833,175.6667,"thalamus",14,"right","thalamus_right"
"839",441.3333,170.8333,"thalamus",15,"right","thalamus_right"
"840",441.25,166.5833,"thalamus",16,"right","thalamus_right"
"841",442.6667,164,"thalamus",17,"right","thalamus_right"
"842",443.6667,161.6667,"thalamus",18,"right","thalamus_right"
"843",445.3333,158.3333,"thalamus",19,"right","thalamus_right"
"844",446.25,155.4167,"thalamus",20,"right","thalamus_right"
"845",453.25,151,"thalamus",21,"right","thalamus_right"
"846",457.3333,148.3333,"thalamus",22,"right","thalamus_right"
"847",459.3333,146.6667,"thalamus",23,"right","thalamus_right"
"848",465,145.6667,"thalamus",24,"right","thalamus_right"
"849",468,145.75,"thalamus",25,"right","thalamus_right"
"850",473.75,145,"thalamus",26,"right","thalamus_right"
"851",480,144,"thalamus",27,"right","thalamus_right"
"852",485.6667,143.5,"thalamus",28,"right","thalamus_right"
"853",486.6667,145.6667,"thalamus",29,"right","thalamus_right"
"854",487.1667,146.5,"thalamus",30,"right","thalamus_right"
"855",487.5,148.1667,"thalamus",31,"right","thalamus_right"
"856",488.25,149.5,"thalamus",32,"right","thalamus_right"
"857",486.1667,143,"brainstem",1,"right","brainstem_right"
"858",476.6667,144.1667,"brainstem",2,"right","brainstem_right"
"859",460.3333,146.3333,"brainstem",3,"right","brainstem_right"
"860",453,145.5,"brainstem",4,"right","brainstem_right"
"861",441.5,144.5,"brainstem",5,"right","brainstem_right"
"862",437,140.5,"brainstem",6,"right","brainstem_right"
"863",433.5,134,"brainstem",7,"right","brainstem_right"
"864",431,127,"brainstem",8,"right","brainstem_right"
"865",429.5,119,"brainstem",9,"right","brainstem_right"
"866",430.5,112,"brainstem",10,"right","brainstem_right"
"867",435,109.25,"brainstem",11,"right","brainstem_right"
"868",437.5,105.5,"brainstem",12,"right","brainstem_right"
"869",441,99.25,"brainstem",13,"right","brainstem_right"
"870",443.25,94.5,"brainstem",14,"right","brainstem_right"
"871",449,90.5,"brainstem",15,"right","brainstem_right"
"872",452.5,87,"brainstem",16,"right","brainstem_right"
"873",451.75,81.5,"brainstem",17,"right","brainstem_right"
"874",450.5,78.25,"brainstem",18,"right","brainstem_right"
"875",448.25,71.75,"brainstem",19,"right","brainstem_right"
"876",447.75,66.5,"brainstem",20,"right","brainstem_right"
"877",448,59,"brainstem",21,"right","brainstem_right"
"878",449,49,"brainstem",22,"right","brainstem_right"
"879",450.25,46.5,"brainstem",23,"right","brainstem_right"
"880",450.75,42,"brainstem",24,"right","brainstem_right"
"881",450.5,37.75,"brainstem",25,"right","brainstem_right"
"882",451.5,34.25,"brainstem",26,"right","brainstem_right"
"883",457.75,28.75,"brainstem",27,"right","brainstem_right"
"884",461.25,25.75,"brainstem",28,"right","brainstem_right"
"885",464.25,20.25,"brainstem",29,"right","brainstem_right"
"886",468.25,15,"brainstem",30,"right","brainstem_right"
"887",473.5,10,"brainstem",31,"right","brainstem_right"
"888",475.5,6.75,"brainstem",32,"right","brainstem_right"
"889",482.25,4.75,"brainstem",33,"right","brainstem_right"
"890",491,0,"brainstem",34,"right","brainstem_right"
"891",494.25,1.5,"brainstem",35,"right","brainstem_right"
"892",497,4.75,"brainstem",36,"right","brainstem_right"
"893",497.25,6,"brainstem",37,"right","brainstem_right"
"894",497.25,87.5,"brainstem",38,"right","brainstem_right"
"895",493.25,88.75,"brainstem",39,"right","brainstem_right"
"896",488,91,"brainstem",40,"right","brainstem_right"
"897",489.25,94.75,"brainstem",41,"right","brainstem_right"
"898",490.5,99.25,"brainstem",42,"right","brainstem_right"
"899",493.25,106.75,"brainstem",43,"right","brainstem_right"
"900",497.25,110.75,"brainstem",44,"right","brainstem_right"
"901",497,135.25,"brainstem",45,"right","brainstem_right"
"902",492.75,135.5,"brainstem",46,"right","brainstem_right"
"903",319.75,42.5,"pca",1,"right","pca_right"
"904",326.75,46.25,"pca",2,"right","pca_right"
"905",332,51.75,"pca",3,"right","pca_right"
"906",334.25,61,"pca",4,"right","pca_right"
"907",334.5,51.5,"pca",5,"right","pca_right"
"908",342.25,45.75,"pca",6,"right","pca_right"
"909",349.25,44,"pca",7,"right","pca_right"
"910",358,47.25,"pca",8,"right","pca_right"
"911",362.75,51.5,"pca",9,"right","pca_right"
"912",363.5,58.25,"pca",10,"right","pca_right"
"913",363.75,49.5,"pca",11,"right","pca_right"
"914",365.25,44.75,"pca",12,"right","pca_right"
"915",369.25,42.5,"pca",13,"right","pca_right"
"916",379.75,42.75,"pca",14,"right","pca_right"
"917",385.5,45,"pca",15,"right","pca_right"
"918",391.25,47.75,"pca",16,"right","pca_right"
"919",396.25,54.25,"pca",17,"right","pca_right"
"920",394.5,61.25,"pca",18,"right","pca_right"
"921",391,69.25,"pca",19,"right","pca_right"
"922",397.75,55.25,"pca",20,"right","pca_right"
"923",404.25,57.25,"pca",21,"right","pca_right"
"924",414.75,58.25,"pca",22,"right","pca_right"
"925",421,63.75,"pca",23,"right","pca_right"
"926",424.5,68.75,"pca",24,"right","pca_right"
"927",428.75,77.75,"pca",25,"right","pca_right"
"928",428,83.5,"pca",26,"right","pca_right"
"929",425.5,87,"pca",27,"right","pca_right"
"930",425.5,89.75,"pca",28,"right","pca_right"
"931",429.25,90.5,"pca",29,"right","pca_right"
"932",433,90.5,"pca",30,"right","pca_right"
"933",433.5,95.25,"pca",31,"right","pca_right"
"934",434.5,97.5,"pca",32,"right","pca_right"
"935",436.5,102,"pca",33,"right","pca_right"
"936",433.25,107,"pca",34,"right","pca_right"
"937",426.75,108.5,"pca",35,"right","pca_right"
"938",420.25,111.5,"pca",36,"right","pca_right"
"939",413.25,115.5,"pca",37,"right","pca_right"
"940",399.75,116,"pca",38,"right","pca_right"
"941",384.75,109.25,"pca",39,"right","pca_right"
"942",383,110.75,"pca",40,"right","pca_right"
"943",372,105.5,"pca",41,"right","pca_right"
"944",363,100.75,"pca",42,"right","pca_right"
"945",355.5,96.5,"pca",43,"right","pca_right"
"946",344,93,"pca",44,"right","pca_right"
"947",332.75,88.5,"pca",45,"right","pca_right"
"948",315.25,80.25,"pca",46,"right","pca_right"
"949",310,77.25,"pca",47,"right","pca_right"
"950",301.75,71,"pca",48,"right","pca_right"
"951",295.75,66.25,"pca",49,"right","pca_right"
"952",285.5,64,"pca",50,"right","pca_right"
"953",282.5,62.75,"pca",51,"right","pca_right"
"954",284.25,54,"pca",52,"right","pca_right"
"955",288.25,47.75,"pca",53,"right","pca_right"
"956",295.25,41.75,"pca",54,"right","pca_right"
"957",308.5,41.5,"pca",55,"right","pca_right"
"958",316,41.75,"pca",56,"right","pca_right"
"959",397.75,351,"mca",1,"right","mca_right"
"960",392.75,354,"mca",2,"right","mca_right"
"961",379.5,351.5,"mca",3,"right","mca_right"
"962",367.25,344.5,"mca",4,"right","mca_right"
"963",357.5,336.75,"mca",5,"right","mca_right"
"964",354.5,331.75,"mca",6,"right","mca_right"
"965",353.75,322.25,"mca",7,"right","mca_right"
"966",354.25,312.5,"mca",8,"right","mca_right"
"967",356.5,309,"mca",9,"right","mca_right"
"968",356.25,305.25,"mca",10,"right","mca_right"
"969",354,300,"mca",11,"right","mca_right"
"970",354.25,294.25,"mca",12,"right","mca_right"
"971",358.25,289,"mca",13,"right","mca_right"
"972",364.75,286.75,"mca",14,"right","mca_right"
"973",373.5,286.75,"mca",15,"right","mca_right"
"974",377.5,288.25,"mca",16,"right","mca_right"
"975",383.75,288.75,"mca",17,"right","mca_right"
"976",390.75,287.75,"mca",18,"right","mca_right"
"977",395.5,284.5,"mca",19,"right","mca_right"
"978",393.5,284.25,"mca",20,"right","mca_right"
"979",385.5,283.75,"mca",21,"right","mca_right"
"980",377.75,284,"mca",22,"right","mca_right"
"981",372,284,"mca",23,"right","mca_right"
"982",365,283.25,"mca",24,"right","mca_right"
"983",359.75,284,"mca",25,"right","mca_right"
"984",356.25,287,"mca",26,"right","mca_right"
"985",352.25,290,"mca",27,"right","mca_right"
"986",350.25,293.5,"mca",28,"right","mca_right"
"987",349.25,300.5,"mca",29,"right","mca_right"
"988",349.25,308.5,"mca",30,"right","mca_right"
"989",348,312.75,"mca",31,"right","mca_right"
"990",346.75,315.5,"mca",32,"right","mca_right"
"991",343.25,319,"mca",33,"right","mca_right"
"992",339.25,321.5,"mca",34,"right","mca_right"
"993",336.5,322,"mca",35,"right","mca_right"
"994",331,319.5,"mca",36,"right","mca_right"
"995",327,314.25,"mca",37,"right","mca_right"
"996",323.5,309.5,"mca",38,"right","mca_right"
"997",318.75,303,"mca",39,"right","mca_right"
"998",315.5,299,"mca",40,"right","mca_right"
"999",313,294.75,"mca",41,"right","mca_right"
"1000",313,291.5,"mca",42,"right","mca_right"
"1001",314,286,"mca",43,"right","mca_right"
"1002",316.25,279.25,"mca",44,"right","mca_right"
"1003",318,271,"mca",45,"right","mca_right"
"1004",318.5,265,"mca",46,"right","mca_right"
"1005",317,261.5,"mca",47,"right","mca_right"
"1006",313.75,258,"mca",48,"right","mca_right"
"1007",313.5,257,"mca",49,"right","mca_right"
"1008",310.25,253,"mca",50,"right","mca_right"
"1009",309.5,246.5,"mca",51,"right","mca_right"
"1010",313.75,240.75,"mca",52,"right","mca_right"
"1011",320.75,240.25,"mca",53,"right","mca_right"
"1012",326.25,237.75,"mca",54,"right","mca_right"
"1013",333.25,233.75,"mca",55,"right","mca_right"
"1014",333.5,232.5,"mca",56,"right","mca_right"
"1015",331.25,232.5,"mca",57,"right","mca_right"
"1016",323.75,233.75,"mca",58,"right","mca_right"
"1017",320.75,236.25,"mca",59,"right","mca_right"
"1018",315.5,237.25,"mca",60,"right","mca_right"
"1019",310.25,237.25,"mca",61,"right","mca_right"
"1020",308.25,236.5,"mca",62,"right","mca_right"
"1021",305,237.25,"mca",63,"right","mca_right"
"1022",304.25,240.25,"mca",64,"right","mca_right"
"1023",303.75,245,"mca",65,"right","mca_right"
"1024",303.75,249,"mca",66,"right","mca_right"
"1025",307.5,255,"mca",67,"right","mca_right"
"1026",310.5,260.25,"mca",68,"right","mca_right"
"1027",314,267,"mca",69,"right","mca_right"
"1028",314,273,"mca",70,"right","mca_right"
"1029",312,276,"mca",71,"right","mca_right"
"1030",306.5,278.25,"mca",72,"right","mca_right"
"1031",299.75,278,"mca",73,"right","mca_right"
"1032",294.25,273.75,"mca",74,"right","mca_right"
"1033",291,268,"mca",75,"right","mca_right"
"1034",287.25,261.75,"mca",76,"right","mca_right"
"1035",283.25,253.5,"mca",77,"right","mca_right"
"1036",281.5,246.75,"mca",78,"right","mca_right"
"1037",279.75,239.75,"mca",79,"right","mca_right"
"1038",277.5,233.25,"mca",80,"right","mca_right"
"1039",277,222.25,"mca",81,"right","mca_right"
"1040",276.25,215.25,"mca",82,"right","mca_right"
"1041",275.75,207,"mca",83,"right","mca_right"
"1042",276,199.25,"mca",84,"right","mca_right"
"1043",278.75,195.75,"mca",85,"right","mca_right"
"1044",280,190.75,"mca",86,"right","mca_right"
"1045",283.5,184.75,"mca",87,"right","mca_right"
"1046",286.5,180.25,"mca",88,"right","mca_right"
"1047",291.25,179.5,"mca",89,"right","mca_right"
"1048",298,179.25,"mca",90,"right","mca_right"
"1049",301.75,178.25,"mca",91,"right","mca_right"
"1050",305.75,176.5,"mca",92,"right","mca_right"
"1051",310.5,175,"mca",93,"right","mca_right"
"1052",315.75,175,"mca",94,"right","mca_right"
"1053",322.75,175,"mca",95,"right","mca_right"
"1054",330.75,174.25,"mca",96,"right","mca_right"
"1055",337.25,175,"mca",97,"right","mca_right"
"1056",342,178,"mca",98,"right","mca_right"
"1057",348.25,180.5,"mca",99,"right","mca_right"
"1058",350.5,186.75,"mca",100,"right","mca_right"
"1059",350.5,193.75,"mca",101,"right","mca_right"
"1060",350.75,199,"mca",102,"right","mca_right"
"1061",354.25,203.25,"mca",103,"right","mca_right"
"1062",361,207.75,"mca",104,"right","mca_right"
"1063",368.75,210,"mca",105,"right","mca_right"
"1064",373.25,209.75,"mca",106,"right","mca_right"
"1065",377.5,208,"mca",107,"right","mca_right"
"1066",379.25,206.25,"mca",108,"right","mca_right"
"1067",378.25,202.75,"mca",109,"right","mca_right"
"1068",372.5,199.5,"mca",110,"right","mca_right"
"1069",365,199.5,"mca",111,"right","mca_right"
"1070",359,197.5,"mca",112,"right","mca_right"
"1071",355.75,194,"mca",113,"right","mca_right"
"1072",354,189,"mca",114,"right","mca_right"
"1073",354.25,185.25,"mca",115,"right","mca_right"
"1074",356.5,176.5,"mca",116,"right","mca_right"
"1075",359.5,174.75,"mca",117,"right","mca_right"
"1076",366.25,173.75,"mca",118,"right","mca_right"
"1077",368.25,171.5,"mca",119,"right","mca_right"
"1078",366,168,"mca",120,"right","mca_right"
"1079",364.25,166,"mca",121,"right","mca_right"
"1080",363.25,162,"mca",122,"right","mca_right"
"1081",362.5,157.5,"mca",123,"right","mca_right"
"1082",363,151.5,"mca",124,"right","mca_right"
"1083",366.25,149.75,"mca",125,"right","mca_right"
"1084",368.75,148,"mca",126,"right","mca_right"
"1085",370.5,144,"mca",127,"right","mca_right"
"1086",370.5,139.25,"mca",128,"right","mca_right"
"1087",365,141.25,"mca",129,"right","mca_right"
"1088",360.25,144.75,"mca",130,"right","mca_right"
"1089",358,147.75,"mca",131,"right","mca_right"
"1090",357.75,151.75,"mca",132,"right","mca_right"
"1091",359.25,154.75,"mca",133,"right","mca_right"
"1092",359.5,162.75,"mca",134,"right","mca_right"
"1093",359,164.75,"mca",135,"right","mca_right"
"1094",356.75,167.5,"mca",136,"right","mca_right"
"1095",355.5,172.75,"mca",137,"right","mca_right"
"1096",353.25,175.75,"mca",138,"right","mca_right"
"1097",350.5,178,"mca",139,"right","mca_right"
"1098",345.25,176.75,"mca",140,"right","mca_right"
"1099",341,174.75,"mca",141,"right","mca_right"
"1100",335.25,173,"mca",142,"right","mca_right"
"1101",331.75,171.5,"mca",143,"right","mca_right"
"1102",329.5,168,"mca",144,"right","mca_right"
"1103",329.5,165,"mca",145,"right","mca_right"
"1104",330.25,160.25,"mca",146,"right","mca_right"
"1105",331.5,157,"mca",147,"right","mca_right"
"1106",329.5,155.75,"mca",148,"right","mca_right"
"1107",327.5,157,"mca",149,"right","mca_right"
"1108",326.5,162.25,"mca",150,"right","mca_right"
"1109",325.75,168.25,"mca",151,"right","mca_right"
"1110",324,170.5,"mca",152,"right","mca_right"
"1111",320.75,171.75,"mca",153,"right","mca_right"
"1112",317,172.75,"mca",154,"right","mca_right"
"1113",308.5,172.5,"mca",155,"right","mca_right"
"1114",303,172.5,"mca",156,"right","mca_right"
"1115",299.5,175,"mca",157,"right","mca_right"
"1116",294.25,176.75,"mca",158,"right","mca_right"
"1117",287.25,176.5,"mca",159,"right","mca_right"
"1118",282.25,174.25,"mca",160,"right","mca_right"
"1119",277.5,172,"mca",161,"right","mca_right"
"1120",276.25,168.5,"mca",162,"right","mca_right"
"1121",276.5,162.5,"mca",163,"right","mca_right"
"1122",280,159,"mca",164,"right","mca_right"
"1123",282.25,154.5,"mca",165,"right","mca_right"
"1124",283,148,"mca",166,"right","mca_right"
"1125",282.25,145.25,"mca",167,"right","mca_right"
"1126",282,141.5,"mca",168,"right","mca_right"
"1127",286.5,138,"mca",169,"right","mca_right"
"1128",290.5,133,"mca",170,"right","mca_right"
"1129",299.25,130.25,"mca",171,"right","mca_right"
"1130",303.5,128.75,"mca",172,"right","mca_right"
"1131",310.25,125.75,"mca",173,"right","mca_right"
"1132",314,123,"mca",174,"right","mca_right"
"1133",319.75,121.75,"mca",175,"right","mca_right"
"1134",324.5,120.75,"mca",176,"right","mca_right"
"1135",332,119.5,"mca",177,"right","mca_right"
"1136",337.75,117.25,"mca",178,"right","mca_right"
"1137",334,117.25,"mca",179,"right","mca_right"
"1138",328.25,118.5,"mca",180,"right","mca_right"
"1139",315.5,121.5,"mca",181,"right","mca_right"
"1140",310,120.75,"mca",182,"right","mca_right"
"1141",301.5,120.5,"mca",183,"right","mca_right"
"1142",299.5,122,"mca",184,"right","mca_right"
"1143",299.25,127.25,"mca",185,"right","mca_right"
"1144",297.75,129.75,"mca",186,"right","mca_right"
"1145",294.5,130.25,"mca",187,"right","mca_right"
"1146",290.75,130.75,"mca",188,"right","mca_right"
"1147",287.5,132.5,"mca",189,"right","mca_right"
"1148",282.25,132.25,"mca",190,"right","mca_right"
"1149",278.5,128.75,"mca",191,"right","mca_right"
"1150",276.25,125.75,"mca",192,"right","mca_right"
"1151",276.25,120.75,"mca",193,"right","mca_right"
"1152",278.75,114.25,"mca",194,"right","mca_right"
"1153",279.5,110.75,"mca",195,"right","mca_right"
"1154",278.75,108.25,"mca",196,"right","mca_right"
"1155",277,104.25,"mca",197,"right","mca_right"
"1156",275.75,99.5,"mca",198,"right","mca_right"
"1157",280,93,"mca",199,"right","mca_right"
"1158",286,95.75,"mca",200,"right","mca_right"
"1159",291,97.5,"mca",201,"right","mca_right"
"1160",298.25,97.25,"mca",202,"right","mca_right"
"1161",304,96.75,"mca",203,"right","mca_right"
"1162",312.25,96.75,"mca",204,"right","mca_right"
"1163",322.75,100.5,"mca",205,"right","mca_right"
"1164",327.75,101.75,"mca",206,"right","mca_right"
"1165",336.5,101.75,"mca",207,"right","mca_right"
"1166",344.25,102.25,"mca",208,"right","mca_right"
"1167",362.75,105.25,"mca",209,"right","mca_right"
"1168",376,114.125,"mca",210,"right","mca_right"
"1169",386,124,"mca",211,"right","mca_right"
"1170",384,138.5,"mca",212,"right","mca_right"
"1171",388.25,167.5,"mca",213,"right","mca_right"
"1172",387,178,"mca",214,"right","mca_right"
"1173",388.5,188.5,"mca",215,"right","mca_right"
"1174",390.75,196.25,"mca",216,"right","mca_right"
"1175",394.5,208.5,"mca",217,"right","mca_right"
"1176",392.5,217.5,"mca",218,"right","mca_right"
"1177",385.3333,224.3333,"mca",219,"right","mca_right"
"1178",376.3333,228.6667,"mca",220,"right","mca_right"
"1179",369,233.3333,"mca",221,"right","mca_right"
"1180",363.6667,240,"mca",222,"right","mca_right"
"1181",360.3333,246.3333,"mca",223,"right","mca_right"
"1182",361.3333,252.3333,"mca",224,"right","mca_right"
"1183",362.6667,261,"mca",225,"right","mca_right"
"1184",369.3333,265,"mca",226,"right","mca_right"
"1185",373,267,"mca",227,"right","mca_right"
"1186",380.6667,268.3333,"mca",228,"right","mca_right"
"1187",389.3333,270.6667,"mca",229,"right","mca_right"
"1188",398.3333,272,"mca",230,"right","mca_right"
"1189",407.3333,273.6667,"mca",231,"right","mca_right"
"1190",411.3333,277,"mca",232,"right","mca_right"
"1191",415.3333,279.6667,"mca",233,"right","mca_right"
"1192",419.3333,283.6667,"mca",234,"right","mca_right"
"1193",422,288,"mca",235,"right","mca_right"
"1194",412,299.3333,"mca",236,"right","mca_right"
"1195",407,307.25,"mca",237,"right","mca_right"
"1196",403.5,314.25,"mca",238,"right","mca_right"
"1197",401.25,326.25,"mca",239,"right","mca_right"
"1198",399.5,335.75,"mca",240,"right","mca_right"
"1199",398.5,345.75,"mca",241,"right","mca_right"
"1200",397.75,351.25,"watershed_ant",1,"right","watershed_ant_right"
"1201",400.6667,332,"watershed_ant",2,"right","watershed_ant_right"
"1202",403.8333,313,"watershed_ant",3,"right","watershed_ant_right"
"1203",414,296.6667,"watershed_ant",4,"right","watershed_ant_right"
"1204",422.8333,287.3333,"watershed_ant",5,"right","watershed_ant_right"
"1205",427.5,289.3333,"watershed_ant",6,"right","watershed_ant_right"
"1206",427.6667,296.5,"watershed_ant",7,"right","watershed_ant_right"
"1207",426.3333,301.1667,"watershed_ant",8,"right","watershed_ant_right"
"1208",421.1667,304.5,"watershed_ant",9,"right","watershed_ant_right"
"1209",418,311.1667,"watershed_ant",10,"right","watershed_ant_right"
"1210",418,317.8333,"watershed_ant",11,"right","watershed_ant_right"
"1211",421.25,320.25,"watershed_ant",12,"right","watershed_ant_right"
"1212",420.25,335.75,"watershed_ant",13,"right","watershed_ant_right"
"1213",420,346.75,"watershed_ant",14,"right","watershed_ant_right"
"1214",419.25,361.75,"watershed_ant",15,"right","watershed_ant_right"
"1215",415.75,360,"watershed_ant",16,"right","watershed_ant_right"
"1216",413,356.75,"watershed_ant",17,"right","watershed_ant_right"
"1217",412.25,345.25,"watershed_ant",18,"right","watershed_ant_right"
"1218",403.25,347.25,"watershed_ant",19,"right","watershed_ant_right"
"1219",492.75,352.25,"aca",1,"right","aca_right"
"1220",491,360,"aca",2,"right","aca_right"
"1221",486.5,366,"aca",3,"right","aca_right"
"1222",476.8333,371,"aca",4,"right","aca_right"
"1223",464.6667,371.6667,"aca",5,"right","aca_right"
"1224",453.8333,366.8333,"aca",6,"right","aca_right"
"1225",449.5,358,"aca",7,"right","aca_right"
"1226",447.3333,351.1667,"aca",8,"right","aca_right"
"1227",446.1667,338.8333,"aca",9,"right","aca_right"
"1228",443.6667,341.5,"aca",10,"right","aca_right"
"1229",441,348.5,"aca",11,"right","aca_right"
"1230",439.3333,353.1667,"aca",12,"right","aca_right"
"1231",435.3333,360.1667,"aca",13,"right","aca_right"
"1232",429.6667,362.3333,"aca",14,"right","aca_right"
"1233",423.1667,362.8333,"aca",15,"right","aca_right"
"1234",419.6667,362.3333,"aca",16,"right","aca_right"
"1235",419.6667,352.1667,"aca",17,"right","aca_right"
"1236",420.5,342.8333,"aca",18,"right","aca_right"
"1237",420.6667,335.6667,"aca",19,"right","aca_right"
"1238",420.3333,330.3333,"aca",20,"right","aca_right"
"1239",420.3333,327.1667,"aca",21,"right","aca_right"
"1240",420.5,325.5,"aca",22,"right","aca_right"
"1241",420.8333,323.6667,"aca",23,"right","aca_right"
"1242",420.8333,323.3333,"aca",24,"right","aca_right"
"1243",420.6667,322.1667,"aca",25,"right","aca_right"
"1244",421.1667,320,"aca",26,"right","aca_right"
"1245",418.3333,317.6667,"aca",27,"right","aca_right"
"1246",418.1667,311.5,"aca",28,"right","aca_right"
"1247",421,304.3333,"aca",29,"right","aca_right"
"1248",426.5,301,"aca",30,"right","aca_right"
"1249",428.1667,290,"aca",31,"right","aca_right"
"1250",434.5,290.5,"aca",32,"right","aca_right"
"1251",439.5,288.8333,"aca",33,"right","aca_right"
"1252",446.5,288.3333,"aca",34,"right","aca_right"
"1253",451.5,273.8333,"aca",35,"right","aca_right"
"1254",451.1667,268,"aca",36,"right","aca_right"
"1255",455.1667,257.8333,"aca",37,"right","aca_right"
"1256",459,251.1667,"aca",38,"right","aca_right"
"1257",468.6667,241.8333,"aca",39,"right","aca_right"
"1258",473,240.75,"aca",40,"right","aca_right"
"1259",483.5,238.5,"aca",41,"right","aca_right"
"1260",490.8333,236.5,"aca",42,"right","aca_right"
"1261",493.125,236.625,"aca",43,"right","aca_right"
"1262",494.5,241.25,"aca",44,"right","aca_right"
"1263",494,248.375,"aca",45,"right","aca_right"
"1264",494.6667,253.8333,"aca",46,"right","aca_right"
"1265",492.375,258.875,"aca",47,"right","aca_right"
"1266",494.875,266,"aca",48,"right","aca_right"
"1267",495.6667,282.3333,"aca",49,"right","aca_right"
"1268",495,290.5,"aca",50,"right","aca_right"
"1269",489.5,296.3333,"aca",51,"right","aca_right"
"1270",484,298,"aca",52,"right","aca_right"
"1271",476,295.3333,"aca",53,"right","aca_right"
"1272",471.6667,293.1667,"aca",54,"right","aca_right"
"1273",477.6667,300.1667,"aca",55,"right","aca_right"
"1274",482.25,309.25,"aca",56,"right","aca_right"
"1275",481.75,316.75,"aca",57,"right","aca_right"
"1276",478.25,321.5,"aca",58,"right","aca_right"
"1277",473.25,320.5,"aca",59,"right","aca_right"
"1278",469,317.6667,"aca",60,"right","aca_right"
"1279",468,324.8333,"aca",61,"right","aca_right"
"1280",470.6667,333.6667,"aca",62,"right","aca_right"
"1281",473,337.75,"aca",63,"right","aca_right"
"1282",475.3333,331,"aca",64,"right","aca_right"
"1283",480,326.25,"aca",65,"right","aca_right"
"1284",486.75,324.75,"aca",66,"right","aca_right"
"1285",492.25,326.25,"aca",67,"right","aca_right"
"1286",493,336.5,"aca",68,"right","aca_right"
"1287",490.5,341.5,"aca",69,"right","aca_right"
"1288",492.75,345.75,"aca",70,"right","aca_right"
